{"Precision": [1, 0.0, 0.0, 0.0, 0.0, 0.0, 0.0, 0.0, 0.0, 0.0, 0.0, 0.0, 0.0, 0.0, 0.0, 0.0, 0.0, 0.0, 0.0, 0.0, 0.0, 0.0, 0.0, 0.0, 0.0, 0.0, 0.0, 0.0, 0.0, 0.0, 0.0, 0.0, 0.0, 0.0, 0.0, 0.0, 0.0, 0.0, 0.0, 0.0, 0.0, 0.0, 0.0, 0.0, 0.25, 0.25, 0.25, 0.25, 0.25, 0.25, 0.25, 0.25, 0.4, 0.4, 0.4, 0.4, 0.5, 0.5, 0.5, 0.5, 0.5, 0.5, 0.5714285714285714, 0.5, 0.5, 0.5555555555555556, 0.6, 0.6, 0.5454545454545454, 0.5333333333333333, 0.5333333333333333, 0.5625, 0.5882352941176471, 0.5555555555555556, 0.5555555555555556, 0.5263157894736842, 0.5454545454545454, 0.5185185185185185, 0.4827586206896552, 0.4375, 0.45454545454545453, 0.42857142857142855, 0.42857142857142855, 0.4444444444444444, 0.43243243243243246, 0.425, 0.42857142857142855, 0.43478260869565216, 0.42857142857142855, 0.4230769230769231, 0.4107142857142857, 0.39655172413793105, 0.3770491803278688, 0.36923076923076925, 0.3582089552238806, 0.35714285714285715, 0.352112676056338, 0.3472222222222222, 0.3472222222222222, 0.3472222222222222, 0.36], "Recall": [0, 0.0, 0.0, 0.0, 0.0, 0.0, 0.0, 0.0, 0.0, 0.0, 0.0, 0.0, 0.0, 0.0, 0.0, 0.0, 0.0, 0.0, 0.0, 0.0, 0.0, 0.0, 0.0, 0.0, 0.0, 0.0, 0.0, 0.0, 0.0, 0.0, 0.0, 0.0, 0.0, 0.0, 0.0, 0.0, 0.0, 0.0, 0.0, 0.0, 0.0, 0.0, 0.0, 0.0, 0.037037037037037035, 0.037037037037037035, 0.037037037037037035, 0.037037037037037035, 0.037037037037037035, 0.037037037037037035, 0.037037037037037035, 0.037037037037037035, 0.07407407407407407, 0.07407407407407407, 0.07407407407407407, 0.07407407407407407, 0.1111111111111111, 0.1111111111111111, 0.1111111111111111, 0.1111111111111111, 0.1111111111111111, 0.1111111111111111, 0.14814814814814814, 0.14814814814814814, 0.14814814814814814, 0.18518518518518517, 0.2222222222222222, 0.2222222222222222, 0.2222222222222222, 0.2962962962962963, 0.2962962962962963, 0.3333333333333333, 0.37037037037037035, 0.37037037037037035, 0.37037037037037035, 0.37037037037037035, 0.4444444444444444, 0.5185185185185185, 0.5185185185185185, 0.5185185185185185, 0.5555555555555556, 0.5555555555555556, 0.5555555555555556, 0.5925925925925926, 0.5925925925925926, 0.6296296296296297, 0.6666666666666666, 0.7407407407407407, 0.7777777777777778, 0.8148148148148148, 0.8518518518518519, 0.8518518518518519, 0.8518518518518519, 0.8888888888888888, 0.8888888888888888, 0.9259259259259259, 0.9259259259259259, 0.9259259259259259, 0.9259259259259259, 0.9259259259259259, 1.0]}