{"Precision": [1, 1.0, 1.0, 1.0, 0.7142857142857143, 0.5555555555555556, 0.5454545454545454, 0.5384615384615384, 0.5625, 0.47368421052631576, 0.47619047619047616, 0.4074074074074074, 0.42424242424242425, 0.3902439024390244, 0.3333333333333333, 0.36231884057971014, 0.3490566037735849, 0.38095238095238093, 0.37888198757763975, 0.3902439024390244, 0.38461538461538464, 0.35714285714285715, 0.3064935064935065, 0.291220556745182, 0.2750865051903114, 0.24549237170596394, 0.22626931567328917, 0.21358355674709562, 0.1875447387258411, 0.1717933836331979, 0.1522035438437074, 0.1318720804886813, 0.1162262006251776, 0.09777582030389782, 0.08058793715154587, 0.06567242281527996, 0.05300640960423238, 0.042189460476787954, 0.03386114494518879, 0.027002742835524448, 0.021892681483672943, 0.017975933536351005, 0.014703101361573373, 0.012104176227627352, 0.010097525792593057, 0.008443579766536966, 0.007187418200855074, 0.006136559269166335, 0.005304217130951339, 0.004659696738904659, 0.004102376822179616, 0.003672712127522623, 0.0033120944869653056, 0.003015660270880361, 0.0027719943833825595, 0.00257084711458686, 0.0023995906173932286, 0.002247722318846212, 0.002129173959927541, 0.0020259248724363924, 0.0019396246729137935, 0.0018643579567276917, 0.0018050727702193937, 0.0017549393657183485, 0.0017122409350154493, 0.0016771097250831975, 0.0016510964974175157, 0.001628826989338376, 0.0016132511485522046, 0.0015995558558989027, 0.0015887795551417245, 0.0015804181026439967, 0.0015740661958648856, 0.0015692209476487356, 0.0015657957160007394, 0.0015632157326656497, 0.001561223039476957, 0.0015599897036241467, 0.001559034862059789, 0.001558271139178217, 0.0015576634604945083, 0.0015572390572390572, 0.0015568493620903858, 0.0015565494641750065, 0.0015563495964117618, 0.0015562152314289065, 0.0015560946672215188, 0.001556018893566537, 0.001555963790088754, 0.0015559018033410943, 0.0015558570382059175, 0.0015558157188289112, 0.0015557916168724827, 0.0015557709586470326, 0.0015557640726937955, 0.0015557503009701863, 0.0015557434151998123, 0.0015557365294903913, 0.0015557330866585377, 0.0015557296438419219, 0.0015557227582544038], "Recall": [0, 0.001422475106685633, 0.001422475106685633, 0.002844950213371266, 0.007112375533428165, 0.007112375533428165, 0.008534850640113799, 0.00995732574679943, 0.012802275960170697, 0.012802275960170697, 0.01422475106685633, 0.015647226173541962, 0.01991465149359886, 0.02275960170697013, 0.025604551920341393, 0.03556187766714083, 0.05263157894736842, 0.06827880512091039, 0.08677098150782361, 0.11379800853485064, 0.1422475106685633, 0.15647226173541964, 0.1678520625889047, 0.1934566145092461, 0.22617354196301565, 0.25177809388335703, 0.29160739687055476, 0.3399715504978663, 0.37268847795163584, 0.42105263157894735, 0.47652916073968704, 0.5220483641536273, 0.5817923186344239, 0.631578947368421, 0.6785206258890469, 0.7140825035561877, 0.7411095305832148, 0.7652916073968705, 0.7908961593172119, 0.8122332859174964, 0.8421052631578947, 0.8648648648648649, 0.8847795163584637, 0.9004267425320057, 0.9160739687055477, 0.9260312944523471, 0.9374110953058321, 0.9431009957325747, 0.9487908961593172, 0.957325746799431, 0.9587482219061166, 0.9658605974395448, 0.9701280227596017, 0.972972972972973, 0.9772403982930299, 0.9829302987197724, 0.9871977240398293, 0.9871977240398293, 0.9914651493598862, 0.9928876244665719, 0.9943100995732574, 0.9943100995732574, 0.9957325746799431, 0.9971550497866287, 0.9971550497866287, 0.9971550497866287, 0.9985775248933144, 0.9985775248933144, 1.0, 1.0, 1.0, 1.0, 1.0, 1.0, 1.0, 1.0, 1.0, 1.0, 1.0, 1.0, 1.0, 1.0, 1.0, 1.0, 1.0, 1.0, 1.0, 1.0, 1.0, 1.0, 1.0, 1.0, 1.0, 1.0, 1.0, 1.0, 1.0, 1.0, 1.0, 1.0, 1.0]}