{"Precision": [1, 1.0, 1.0, 1.0, 0.75, 0.6, 0.5, 0.35714285714285715, 0.42105263157894735, 0.4, 0.37037037037037035, 0.3870967741935484, 0.37142857142857144, 0.358974358974359, 0.3333333333333333, 0.32653061224489793, 0.32142857142857145, 0.31666666666666665, 0.2923076923076923, 0.25333333333333335, 0.20652173913043478, 0.18867924528301888, 0.1896551724137931, 0.17557251908396945, 0.15894039735099338, 0.15337423312883436, 0.14361702127659576, 0.1308411214953271, 0.1225296442687747, 0.13120567375886524, 0.13719512195121952, 0.1335149863760218, 0.125, 0.13646055437100213, 0.13099630996309963, 0.13344594594594594, 0.13414634146341464, 0.12941176470588237, 0.12557603686635946, 0.12474849094567404, 0.12210338680926916, 0.1204724409448819, 0.11426592797783934, 0.10864197530864197, 0.10737885462555066, 0.09947393591582974, 0.0928054491272882, 0.08698969858832507, 0.08372404554588078, 0.07944477259303012, 0.0749211356466877, 0.06963916341071018, 0.06495901639344262, 0.06203110704483074, 0.05814143393761228, 0.0541806999560697, 0.05086509691687264, 0.047192285876347134, 0.044439935064935064, 0.0413874298134396, 0.038654374898916384, 0.03602627969099704, 0.03345510478754086, 0.030224477414373174, 0.02729976112709014, 0.024485924904082426, 0.022028436018957345, 0.019900331114753003, 0.017844564451749236, 0.016065911431513903, 0.013928125615925366, 0.012455789635552822, 0.011100614076523381, 0.009903198465450328, 0.008749282845668388, 0.007732107258501285, 0.006756352765321375, 0.006027503800332308, 0.005386690221934792, 0.004823083106516803, 0.004342148634600269, 0.003916075920420764, 0.0034936449177114595, 0.003182282825386106, 0.002922798250563137, 0.0026978944693163377, 0.002500298948787355, 0.0023305535571340272, 0.0021642716646412506, 0.0020520261166960306, 0.0019524316648917288, 0.001866520864363457, 0.0017951461114233981, 0.0017356371641742449, 0.0016781326959819257, 0.0016407998011151756, 0.0016127305646185996, 0.0015930402047538708, 0.001577143688243689, 0.0015676105459079492, 0.0015604833451006669], "Recall": [0, 0.001440922190201729, 0.001440922190201729, 0.001440922190201729, 0.004322766570605188, 0.004322766570605188, 0.005763688760806916, 0.007204610951008645, 0.011527377521613832, 0.01440922190201729, 0.01440922190201729, 0.01729106628242075, 0.018731988472622477, 0.020172910662824207, 0.020172910662824207, 0.023054755043227664, 0.025936599423631124, 0.027377521613832854, 0.027377521613832854, 0.027377521613832854, 0.027377521613832854, 0.02881844380403458, 0.03170028818443804, 0.03314121037463977, 0.0345821325648415, 0.03602305475504323, 0.03890489913544669, 0.040345821325648415, 0.0446685878962536, 0.053314121037463975, 0.06484149855907781, 0.07060518731988473, 0.07492795389048991, 0.09221902017291066, 0.10230547550432277, 0.1138328530259366, 0.12680115273775217, 0.14265129682997119, 0.15706051873198848, 0.1786743515850144, 0.19740634005763688, 0.22046109510086456, 0.2377521613832853, 0.25360230547550433, 0.28097982708933716, 0.29971181556195964, 0.31412103746397696, 0.3285302593659942, 0.36023054755043227, 0.38760806916426516, 0.4106628242074928, 0.4365994236311239, 0.45677233429394815, 0.4884726224783862, 0.5129682997118156, 0.5331412103746398, 0.5634005763688761, 0.5994236311239193, 0.6311239193083573, 0.6585014409221902, 0.6887608069164265, 0.7190201729106628, 0.7521613832853026, 0.7896253602305475, 0.8069164265129684, 0.8184438040345822, 0.8371757925072046, 0.8573487031700289, 0.8760806916426513, 0.899135446685879, 0.9164265129682997, 0.9337175792507204, 0.9481268011527377, 0.9596541786743515, 0.9668587896253602, 0.9668587896253602, 0.9769452449567724, 0.9827089337175793, 0.984149855907781, 0.9855907780979827, 0.9870317002881844, 0.9870317002881844, 0.9913544668587896, 0.9913544668587896, 0.9927953890489913, 0.9942363112391931, 0.9942363112391931, 0.9942363112391931, 0.9956772334293948, 0.9985590778097982, 0.9985590778097982, 0.9985590778097982, 0.9985590778097982, 0.9985590778097982, 0.9985590778097982, 0.9985590778097982, 0.9985590778097982, 1.0, 1.0, 1.0, 1.0]}